Ticker,RS_Score,RS_Rank,RS_Rating
AAOI,122.13315805476327,4.0,99
CALA,2892.9000753835676,2.0,99
MSTR,116.97268179766264,6.0,99
AGX,55.078681631972145,13.0,99
OCUL,62.51047622154388,10.0,99
OMER,87.6822588485001,8.0,99
POWL,55.46936736957874,12.0,99
PSIX,117.34705038166733,5.0,99
EMKR,58.526540991017185,11.0,99
NAVB,157.01871460994505,3.0,99
RGS,77.05691514364634,9.0,99
SGMO,89.23180743375485,7.0,99
HALL,3913.155567051174,1.0,99
UAL,54.80034210460184,14.0,99
NGVC,41.36369644695691,19.0,98
STI,38.13014005508412,27.0,98
CENX,40.22860701154421,23.0,98
RIGL,47.388210193760735,18.0,98
BEBE,36.44074070936054,29.0,98
PLCE,51.78124554338556,15.0,98
USLM,50.343668054955415,16.0,98
TLN,40.48429943122796,22.0,98
RAIL,40.12429185945925,24.0,98
CRMD,39.94558271654982,25.0,98
WWW,39.64281117269419,26.0,98
FLXS,41.271909701399146,20.0,98
EBS,36.584117534294535,28.0,98
GEO,50.22126407906744,17.0,98
FTK,41.020593847150685,21.0,98
QTWO,35.4235984455817,30.0,97
SKYW,30.61619067392865,41.0,97
FIX,31.008619628436858,38.0,97
LB,33.34450631618344,35.0,97
NVDA,30.166489828807435,42.0,97
TILE,29.98224020982579,43.0,97
CRS,32.21404787315901,37.0,97
PRIM,33.95183635739027,32.0,97
TPC,33.747779668015596,33.0,97
COHR,30.952280540377018,39.0,97
CORT,33.70266245337959,34.0,97
TZOO,34.15889617864219,31.0,97
MOD,30.636814277409556,40.0,97
TGTX,32.54590127947177,36.0,97
TISI,27.503632618418617,53.0,96
HNRG,28.19322014382024,50.0,96
GHM,29.776777797205472,45.0,96
ESPR,28.99258223437218,46.0,96
SMTC,29.894610022789507,44.0,96
HBI,28.884230166065652,48.0,96
ENVA,27.343706372223455,56.0,96
LTRPA,28.611695227825543,49.0,96
EME,26.564765818644805,58.0,96
RCL,27.554187726937407,52.0,96
DXPE,27.49783427367979,54.0,96
APEI,27.786421970400905,51.0,96
AAON,28.941096851729807,47.0,96
ALGT,27.265016574461733,57.0,96
UTI,27.438197033083657,55.0,96
EE,26.14125596038499,59.0,95
FICO,25.32605646254184,67.0,95
CIA,26.01546529537259,60.0,95
UNFI,25.38427095130789,66.0,95
WIX,24.837638959620296,71.0,95
TREE,24.66972516859204,73.0,95
SMCI,25.018662197603682,69.0,95
DAL,25.51818832234217,63.0,95
MASI,25.40864361777336,65.0,95
UIS,24.976280362154633,70.0,95
MCS,25.50013462291805,64.0,95
ANF,25.13924544654628,68.0,95
FGEN,24.72673257485806,72.0,95
INSM,25.62549502447957,61.0,95
GWRE,25.52298578373635,62.0,95
MBI,22.94439746522675,85.0,94
ADTN,24.04444365601127,77.0,94
PAHC,23.37020174862,82.0,94
BEAT,23.417208458994285,81.0,94
CVLT,23.077758348865892,84.0,94
GVA,23.518437876682484,79.0,94
NCLH,24.163792564524122,76.0,94
CDE,23.901625456085057,78.0,94
FRPT,22.55469997942177,87.0,94
CALM,23.148739419266665,83.0,94
TPR,24.521173376888903,74.0,94
DYN,24.5043895224388,75.0,94
SHAK,22.629288628080488,86.0,94
NTGR,23.437166629085873,80.0,94
RDNT,21.426664926823072,101.0,93
SYF,22.18464975735439,95.0,93
NWPX,21.50929184345421,100.0,93
QUAD,21.594477140952392,99.0,93
BBW,21.775555238174988,97.0,93
EVR,21.84182601276736,96.0,93
SF,21.42364816498384,102.0,93
IDCC,22.337413310051254,91.0,93
DCOM,22.242074980665137,94.0,93
CCL,22.400234388244456,88.0,93
MTZ,22.35684333509113,90.0,93
FARO,21.613342435981906,98.0,93
UEC,22.31506790306026,92.0,93
HUBS,22.301936368619042,93.0,93
ACIW,22.389455292188032,89.0,93
MLI,20.993225119076087,106.0,92
SLG,20.590461318272723,110.0,92
NFLX,20.579280064959327,111.0,92
DFS,20.890172872597102,108.0,92
PEGA,20.500182648079956,114.0,92
HTLF,21.34868484788849,103.0,92
CDTX,20.426404815769143,115.0,92
CRAI,20.618795379952786,109.0,92
AE,21.162818609100384,105.0,92
VSTM,20.537325863770526,113.0,92
DORM,20.55785774305402,112.0,92
VNCE,20.909219743778007,107.0,92
ORCL,20.409460257102403,116.0,92
LMAT,21.165349655107867,104.0,92
VIRT,20.390150512579247,117.0,92
AI,20.27861645570114,118.0,91
AYI,19.933139337119524,122.0,91
TRUE,19.792896913213927,126.0,91
APOG,19.240474356893237,130.0,91
PWR,19.185061058561562,131.0,91
AIT,19.31862219166658,129.0,91
TRUP,19.70585845966097,127.0,91
BV,20.188117597099307,120.0,91
AZZ,20.190707019423694,119.0,91
GFF,19.80577812939965,125.0,91
GTLS,20.105942814361057,121.0,91
UNM,19.855848286159635,124.0,91
VSEC,19.615166769612443,128.0,91
NRG,19.91941562490134,123.0,91
AKBA,19.156580464306337,132.0,90
LE,18.876132889332762,137.0,90
QNST,18.6461031309517,142.0,90
HWKN,18.6589820467295,141.0,90
PX,18.519976627736245,146.0,90
XPO,18.555606058430683,144.0,90
LGND,18.883028972075962,136.0,90
RJF,18.532275666321237,145.0,90
IDT,18.974618033748005,135.0,90
CRM,18.742097935362747,139.0,90
VICR,18.633043016943624,143.0,90
FSTR,18.75351936076892,138.0,90
LWAY,18.666106831014126,140.0,90
NGS,19.064511425486785,134.0,90
NVAX,19.093629577498042,133.0,90
MS,17.89818725624449,160.0,89
QCRH,18.01483839379096,156.0,89
XNCR,17.90288542146526,159.0,89
PNFP,18.131697964113712,153.0,89
MYRG,18.186202451582222,151.0,89
UFCS,17.85351182001933,161.0,89
GLDD,17.91903996573607,158.0,89
WFC,18.517624010854057,147.0,89
KAI,18.160843775010655,152.0,89
EXEL,18.439524316778215,149.0,89
OKE,18.213106375278617,150.0,89
HQY,18.490712816529953,148.0,89
STRT,17.960361107165486,157.0,89
VNO,18.12388706397204,154.0,89
CVCO,18.08819366391604,155.0,89
SN,17.58599565301111,170.0,88
XOMA,17.625219255035958,167.0,88
MAC,17.802125329322458,163.0,88
COF,17.301862063314886,175.0,88
MWA,17.32767269490884,174.0,88
KMI,17.398931770146245,173.0,88
NKTR,17.5388090204432,172.0,88
SFBS,17.837804662272603,162.0,88
HAFC,17.775768504152694,165.0,88
ALK,17.779922443324658,164.0,88
MTB,17.623635158100956,168.0,88
BLBD,17.64538426189973,166.0,88
VHI,17.618062382428587,169.0,88
HMST,17.572753574907797,171.0,88
FISV,17.11197681813569,181.0,87
AGYS,16.864901460901315,188.0,87
GMED,17.045145840422677,183.0,87
GM,17.16329247356518,179.0,87
CNS,16.936960457547755,187.0,87
LPX,17.259849502922634,176.0,87
ICUI,17.06514577155044,182.0,87
EGHT,17.033949357722946,184.0,87
SYBT,17.12201276230604,180.0,87
RL,17.243169006527832,177.0,87
LRN,16.835398343728926,190.0,87
BHE,16.83902859930171,189.0,87
ETN,17.18809568930246,178.0,87
ITRI,16.966126277082054,186.0,87
WMB,17.008390709966754,185.0,87
UMBF,16.5680066625386,201.0,86
AMP,16.371306174737786,205.0,86
ORN,16.803226527771997,191.0,86
URI,16.563664376473817,202.0,86
SXC,16.596085779273146,199.0,86
NNBR,16.528139682656704,203.0,86
DECK,16.723275963384552,194.0,86
HIVE,16.642064919771013,198.0,86
HOV,16.592197765137847,200.0,86
GS,16.778234451839882,193.0,86
WAL,16.714753353660495,196.0,86
CRVL,16.72226135847156,195.0,86
RENT,16.52701675837288,204.0,86
LYTS,16.674793594989985,197.0,86
GBCI,16.798469146097275,192.0,86
EXLS,16.36876094559316,206.0,85
TCBI,16.36551259510978,207.0,85
CPF,16.094423726695553,213.0,85
GSAT,16.300235997399835,208.0,85
MLR,16.19770632315068,211.0,85
DJCO,16.016578170554844,215.0,85
B,16.152178345946343,212.0,85
BANR,15.950193139360433,218.0,85
PGC,15.90786234829185,219.0,85
BDC,16.08809113167895,214.0,85
LMNR,15.977786593530208,217.0,85
HSII,16.259777862278252,210.0,85
VCYT,16.296372889800946,209.0,85
CASH,15.995622355347077,216.0,85
ZION,15.882895743114211,220.0,84
CSV,15.687797068518341,223.0,84
IP,15.392060954336166,232.0,84
PNR,15.52574362680904,228.0,84
CW,15.43383461286026,231.0,84
GNRC,15.488548659443529,229.0,84
IMAX,15.776624867771257,221.0,84
SUM,15.375278442987923,233.0,84
ADSK,15.56925720271387,226.0,84
RELY,15.475684138317625,230.0,84
AXP,15.560095220839168,227.0,84
BCOV,15.676943353268225,224.0,84
WMT,15.698127962588988,222.0,84
RBCAA,15.33186714664419,234.0,84
PLXS,15.60505751062825,225.0,84
IBCP,15.260476569514061,236.0,83
PTCT,15.285051344926575,235.0,83
TRMK,15.031403807248932,242.0,83
GRMN,14.914547350633963,246.0,83
WTFC,15.060424349259703,240.0,83
BOOT,14.917636623761542,245.0,83
CMI,14.917766221735672,244.0,83
PRK,15.149137589063521,237.0,83
BK,14.88824358552745,247.0,83
ATSG,15.008869432901687,243.0,83
FLS,15.03740057352142,241.0,83
LAD,15.093897847886723,239.0,83
IRM,15.125317441316724,238.0,83
EXPE,14.873847591565964,248.0,83
PH,14.76684197865425,252.0,82
RH,14.4271868572363,262.0,82
GWW,14.493995793209018,260.0,82
MTSI,14.69761618098873,255.0,82
PWOD,14.72932883415201,253.0,82
AAL,14.519315844393768,259.0,82
TTMI,14.58027990437804,258.0,82
BSRR,14.867183257673723,249.0,82
TXRH,14.65947217115122,256.0,82
OFIX,14.31720868136177,263.0,82
PAYC,14.818266868905168,251.0,82
ABCB,14.697846524105753,254.0,82
GE,14.59061063178554,257.0,82
CMA,14.464015586062661,261.0,82
HIFS,14.847782329734788,250.0,82
DY,14.06645083214547,272.0,81
SEM,13.972550973683783,275.0,81
ATRA,14.228905047058268,266.0,81
TG,13.94721369038851,276.0,81
HBNC,14.20518051520328,268.0,81
ISRG,14.196735745719776,270.0,81
HBAN,14.20614197953389,267.0,81
SNCR,14.257854368440093,265.0,81
TBBK,14.261341073406873,264.0,81
CYTK,14.201249786838858,269.0,81
NL,13.873036495709718,278.0,81
FCNCA,14.004325071150886,274.0,81
FFIN,13.90423230556928,277.0,81
CIEN,14.12139982138974,271.0,81
ETR,14.023609483790558,273.0,81
IBOC,13.718939008548611,284.0,80
COLB,13.731845537996016,283.0,80
RF,13.834586105209901,282.0,80
UVSP,13.452716949678635,291.0,80
IBTX,13.714306214179953,285.0,80
CFG,13.841668565239615,281.0,80
GLW,13.411907759611967,292.0,80
WBS,13.494927551089878,290.0,80
CHK,13.678053627972819,286.0,80
EGBN,13.534121205204691,289.0,80
MOFG,13.848709395147345,280.0,80
CEVA,13.852313776817445,279.0,80
WHG,13.566509707086727,287.0,80
MTRX,13.553831591143707,288.0,80
JCI,13.226259420681469,301.0,79
INFN,13.364079649343369,294.0,79
FFIV,13.130144229666778,306.0,79
CBU,13.2235760212636,302.0,79
MNKD,13.124511302353229,307.0,79
ESE,13.183522884014605,303.0,79
RMAX,13.330687327997579,297.0,79
AKR,13.36053915733949,295.0,79
AVGO,13.167765072273026,304.0,79
BMRC,13.231052635580932,300.0,79
KEY,13.319397345977013,298.0,79
XBIT,13.16357063497616,305.0,79
EMR,13.35303431438152,296.0,79
FOX,13.381418800086347,293.0,79
PYPL,13.301503854733324,299.0,79
EQT,12.823863384918758,321.0,78
GERN,13.062268861554069,309.0,78
FITB,12.92562043558076,316.0,78
EFSC,12.849527461770185,319.0,78
SFNC,12.982940945788172,313.0,78
BBSI,12.979914463268427,314.0,78
EVER,13.009063430985098,311.0,78
TMP,12.961714106383676,315.0,78
CAT,13.085867234410706,308.0,78
APH,12.851882724311803,318.0,78
MAR,12.838551893683622,320.0,78
BAC,12.785150516014248,322.0,78
ENV,12.904631753925763,317.0,78
KMPR,13.034249686584808,310.0,78
GABC,12.99570868231217,312.0,78
FOXA,12.55694456307403,331.0,77
FISI,12.677830799694089,326.0,77
BSX,12.591348071236496,328.0,77
OCFC,12.584181108392858,329.0,77
MC,12.663241121611794,327.0,77
PATK,12.454741741471459,335.0,77
BECN,12.715671953510679,324.0,77
BELFB,12.449864243834387,336.0,77
CVBF,12.47738472102344,334.0,77
SNA,12.495895260868568,333.0,77
SGC,12.497586641340739,332.0,77
DBD,12.686203025512523,325.0,77
CECO,12.753625272243855,323.0,77
CASY,12.580754442830454,330.0,77
HEI,12.175363578970217,351.0,76
FAST,12.21304927298917,350.0,76
PCTY,12.421979009436786,338.0,76
PFBC,12.401486839482644,340.0,76
PRLB,12.422230907695424,337.0,76
CTAS,12.214053984494564,349.0,76
SXI,12.350624834436571,342.0,76
JPM,12.244876656934437,348.0,76
DVA,12.299088028180876,347.0,76
SNOW,12.367228238783797,341.0,76
FBNC,12.309825625191953,346.0,76
COST,12.339739306280617,343.0,76
VAC,12.325641646320593,345.0,76
BANC,12.329137982792858,344.0,76
HLT,12.411778346310122,339.0,76
HEES,11.922089514197138,362.0,75
UEIC,12.089829287747445,355.0,75
JAKK,12.034564399897132,356.0,75
PNC,11.933428445728698,361.0,75
VGR,11.89953451140439,364.0,75
SENEA,11.957556829104412,359.0,75
CAC,11.872835626697697,365.0,75
CHEF,12.116911964170745,352.0,75
OPY,12.109811484504327,353.0,75
NCMI,12.027643529971865,357.0,75
DGII,11.91858422681959,363.0,75
VVI,11.862997882381867,366.0,75
CTBI,11.99182659721191,358.0,75
MATX,11.948213318484223,360.0,75
PKG,12.094078166284408,354.0,75
FDP,11.76294593062244,370.0,74
CINF,11.79664891416406,369.0,74
DIS,11.667318789051608,375.0,74
BANF,11.662200239624099,377.0,74
C,11.664147967700055,376.0,74
CATY,11.747561162728795,371.0,74
IR,11.688634434839543,374.0,74
MGEE,11.849823651640031,367.0,74
PBPB,11.65611548411372,378.0,74
COKE,11.732802955859018,372.0,74
WSFS,11.649526725069304,379.0,74
MSI,11.828488903900269,368.0,74
NFBK,11.59308488506005,380.0,74
MDXG,11.70224202147283,373.0,74
BRKL,11.323674150723948,390.0,73
NTRS,11.339055740342694,388.0,73
TRV,11.502652098280302,382.0,73
PEG,11.221482698790114,394.0,73
JBT,11.332939788173235,389.0,73
DLR,11.43857929580099,385.0,73
CTLT,11.205548332904051,395.0,73
EZPW,11.241002090850456,393.0,73
CAKE,11.447933766909044,384.0,73
HTBI,11.39388132020424,386.0,73
CCOI,11.486861350242414,383.0,73
CUZ,11.2513257989384,392.0,73
SCHW,11.588218129473795,381.0,73
PBH,11.299069892796304,391.0,73
PGR,11.346665888491765,387.0,73
GPI,10.916275313580563,410.0,72
ILMN,11.113294431253827,398.0,72
SSB,10.945224081178214,408.0,72
NPO,10.958013234071647,406.0,72
PODD,11.040029705054886,401.0,72
KALU,10.984590529089882,405.0,72
VMC,10.946307769543294,407.0,72
FBIZ,10.998390666246227,404.0,72
BHLB,11.156668894633363,396.0,72
BH,10.926791652387251,409.0,72
NDAQ,11.073319261400627,400.0,72
FULT,11.006138235697337,403.0,72
CCBG,11.025874270972016,402.0,72
CNO,11.153073010703082,397.0,72
FFIC,11.111622178120156,399.0,72
ASMB,10.635311805357766,422.0,71
EBAY,10.776024920315544,417.0,71
UAA,10.660136799365397,419.0,71
TMHC,10.8856773104451,411.0,71
ATEN,10.84723835260078,415.0,71
FLR,10.708785672486036,418.0,71
HFWA,10.579340102730292,424.0,71
NI,10.874844474644414,413.0,71
ITCI,10.88027707571177,412.0,71
HIW,10.812772481110724,416.0,71
KTOS,10.850319056689246,414.0,71
PFS,10.607023238620304,423.0,71
SIG,10.6414233024847,421.0,71
PRI,10.647186846067829,420.0,71
CBZ,10.527398091698878,426.0,70
ATRC,10.4700658107264,428.0,70
HURC,10.451042530179617,430.0,70
LNC,10.30495863618386,434.0,70
ALL,10.2405541553257,439.0,70
FFBC,10.456969262650176,429.0,70
MU,10.242816565133747,438.0,70
PFIS,10.266923665486063,436.0,70
NBHC,10.331415859619547,433.0,70
WTBA,10.521069013767885,427.0,70
DOV,10.26599274826171,437.0,70
HIG,10.29973336503066,435.0,70
HCP,10.532155358220276,425.0,70
FTI,10.436141581213555,431.0,70
EBTC,10.36754896858432,432.0,70
STC,9.959705456624697,454.0,69
FCF,9.963332809977848,453.0,69
FRME,10.171684241496664,443.0,69
UUUU,10.007091525659455,452.0,69
BLK,10.085556510954898,448.0,69
FNB,10.22448674336889,441.0,69
BYD,10.054801615195418,449.0,69
BMI,10.03320541058875,450.0,69
HOMB,10.097293507350331,447.0,69
K,10.23585894273855,440.0,69
IBM,10.028087353008495,451.0,69
KFY,10.172731612254818,442.0,69
CCNE,10.14625895423351,445.0,69
AMZN,10.097650897329821,446.0,69
HCKT,10.166864567477488,444.0,69
JWN,9.914354126560074,456.0,68
CNOB,9.81708033545369,462.0,68
CTS,9.754895352348276,464.0,68
MBWM,9.710846023262022,467.0,68
DRRX,9.854935452586524,460.0,68
PRGS,9.730795600939935,465.0,68
CMG,9.826373740734699,461.0,68
STBA,9.904492126518768,457.0,68
CMC,9.887919704984654,458.0,68
PB,9.693373772312192,468.0,68
AIZ,9.721920821323137,466.0,68
WASH,9.925247590852372,455.0,68
MMM,9.793387692930217,463.0,68
GRBK,9.880977739682098,459.0,68
MMSI,9.55864648941116,475.0,67
USB,9.605324760837005,472.0,67
BKE,9.507095424111927,478.0,67
IRT,9.570076455369435,474.0,67
HCI,9.591288266200312,473.0,67
NATL,9.67754959566641,470.0,67
IBP,9.498263142774482,479.0,67
EIG,9.481931532365188,481.0,67
LQDT,9.665746911748933,471.0,67
T,9.68465125351234,469.0,67
BCPC,9.535945287563202,476.0,67
NWL,9.462977510775728,482.0,67
ONB,9.494939677585815,480.0,67
FIS,9.515532880544844,477.0,67
WSBC,9.450095068138229,483.0,67
TBNK,9.304941170703149,489.0,66
BLX,9.409924918773699,485.0,66
BURL,9.297824717519008,490.0,66
GB,9.385209922724853,487.0,66
FRSH,9.231618827430058,494.0,66
INDB,9.442288139049296,484.0,66
GEN,9.408397777067083,486.0,66
STT,9.29256433099588,491.0,66
NHC,9.311426506503153,488.0,66
CVGW,9.283103397136244,492.0,66
DAKT,9.215567911435013,496.0,66
AMWD,9.22217765856321,495.0,66
PKOH,9.154195183224967,497.0,66
NWS,9.264886902926476,493.0,66
BXP,8.933876687391137,510.0,65
OGS,9.069506994164911,504.0,65
CPK,9.149479614424164,499.0,65
PCAR,9.15093816106609,498.0,65
VOXX,9.136666175046923,500.0,65
BHB,8.915972418339113,512.0,65
SPG,9.124537582466465,501.0,65
RMD,8.942196680428038,509.0,65
IPI,9.11393474921195,503.0,65
HD,8.987711917887495,507.0,65
TYL,9.11991642300491,502.0,65
MET,8.947913104871843,508.0,65
MHO,9.048544978998674,505.0,65
RLGT,9.006103838711907,506.0,65
ABEO,8.927146664679626,511.0,65
TNDM,8.668519191478167,526.0,64
MLM,8.77272375553574,519.0,64
NXRT,8.91010485037806,513.0,64
SRE,8.693263974315306,523.0,64
TCBK,8.89714739468338,514.0,64
LUV,8.714939876143925,521.0,64
APD,8.648534135494684,527.0,64
VLY,8.867335350727917,515.0,64
SRCE,8.68479254322065,524.0,64
IMMR,8.829961509614392,516.0,64
VRTS,8.746599094316512,520.0,64
WAT,8.697856653969655,522.0,64
HNI,8.807501030950583,518.0,64
AMSF,8.683369712928865,525.0,64
AROW,8.817299376880353,517.0,64
RLI,8.637883844106813,530.0,63
FLIC,8.600121990192532,533.0,63
CFFN,8.643107140755859,528.0,63
CHCO,8.532721749334678,536.0,63
UE,8.45658938377297,541.0,63
TIME,8.470990410630279,539.0,63
AMG,8.608129230055063,532.0,63
ADP,8.6426643886592,529.0,63
GRC,8.621957077922954,531.0,63
HPE,8.533285077641949,535.0,63
AME,8.533567542625018,534.0,63
CPRX,8.46073786791804,540.0,63
PM,8.495631669033646,538.0,63
FCBC,8.505082937080827,537.0,63
BMY,8.28223778019515,553.0,62
XEL,8.278399557760292,554.0,62
MCRI,8.43610160819299,542.0,62
KR,8.284010447886764,552.0,62
ARDX,8.369215000133693,547.0,62
WSR,8.277124143826455,556.0,62
AOSL,8.386773484935118,544.0,62
WYNN,8.351877953879553,548.0,62
TRST,8.417339015177541,543.0,62
SHW,8.340791765180915,551.0,62
MTX,8.372128447584908,546.0,62
GLRE,8.377043830215396,545.0,62
UA,8.27820782666504,555.0,62
HMN,8.3481452764884,550.0,62
OB,8.350532882965414,549.0,62
AIQ,8.156354223885932,559.0,61
UCTT,8.059331259867001,564.0,61
GOOD,8.154202799741453,560.0,61
OSIS,8.078290380256357,563.0,61
OMCL,8.119149226905115,562.0,61
OLP,8.236793543965272,558.0,61
HUBG,7.992004739046305,571.0,61
PRFT,8.003763019060296,568.0,61
NWBI,8.009082678147179,566.0,61
KRO,8.25045703571385,557.0,61
LKFN,8.143101681637692,561.0,61
AZPN,8.040774009654292,565.0,61
ASTE,8.002328831822906,569.0,61
TSCO,7.99807504536912,570.0,61
CSCO,8.008591084770039,567.0,61
UVE,7.848406736112246,580.0,60
HSTM,7.924947253286781,574.0,60
IDA,7.830210445853133,581.0,60
AAT,7.925344235769861,573.0,60
WDC,7.913812827443738,575.0,60
BLDR,7.81187734993383,584.0,60
MCK,7.829020932742886,582.0,60
NBTB,7.827390010488711,583.0,60
GK,7.86230642389052,579.0,60
THFF,7.911362564316935,576.0,60
KOPN,7.961948802209688,572.0,60
MHK,7.874026898903136,578.0,60
OSBC,7.89750939549114,577.0,60
PETS,7.77789831041935,585.0,60
BZH,7.633014493833718,594.0,59
DLX,7.579810622463767,596.0,59
CACI,7.708273932600157,590.0,59
FIBK,7.74135198379002,588.0,59
MTG,7.746123858693503,587.0,59
MKSI,7.6725698409961804,592.0,59
HRTG,7.767215582101359,586.0,59
USPH,7.6983481382450165,591.0,59
ESS,7.66347423877869,593.0,59
TPH,7.491276602251852,599.0,59
HURN,7.71056617608342,589.0,59
KBH,7.580447249278234,595.0,59
MO,7.532240640120177,598.0,59
DE,7.564163801510244,597.0,59
MANH,7.461366086465009,600.0,59
CUBI,7.4173640471149,602.0,58
PPL,7.367700549538629,608.0,58
WWD,7.3315797130441975,612.0,58
NWSA,7.415954083049294,603.0,58
KIM,7.375516459657092,606.0,58
LOW,7.324754971192799,613.0,58
EPAM,7.366557926983406,609.0,58
TOWN,7.361255544509847,610.0,58
FSS,7.391051590921682,605.0,58
INCY,7.370713079615452,607.0,58
UBSI,7.411141021008367,604.0,58
FBP,7.3516372103986,611.0,58
KODK,7.309340998513779,615.0,58
BFIN,7.45507629799331,601.0,58
AVAV,7.310624249068627,614.0,58
CWST,7.298008062598738,616.0,57
PCG,7.106156070043436,625.0,57
WAFD,7.18797148474511,620.0,57
ALLE,7.110694969469117,624.0,57
PHM,7.073411744824439,628.0,57
BGC,7.278841787246231,617.0,57
SIR,7.275274620775136,619.0,57
MA,7.15857893442625,621.0,57
WM,7.067357327335977,629.0,57
LOPE,7.085465989188674,627.0,57
ABM,7.1441411962266095,623.0,57
SYK,7.155537358164284,622.0,57
ICE,7.101510885544228,626.0,57
TTWO,7.276241086429846,618.0,57
KRNY,6.903695273709845,639.0,56
MRC,6.934305806022417,637.0,56
NHI,6.84697864781577,644.0,56
SRCL,6.994837320022677,636.0,56
V,7.022199125642685,632.0,56
TJX,7.062134710398231,630.0,56
CDNS,6.85937615911733,643.0,56
WTW,6.9141942380496175,638.0,56
ENSG,6.8784678903777134,640.0,56
AFL,6.995685606927414,635.0,56
D,6.8777323106683035,641.0,56
RSG,7.022097560432552,633.0,56
AON,6.866417190927628,642.0,56
PRU,7.011544744546121,634.0,56
SUPN,7.029286533297247,631.0,56
CMCO,6.575765728475696,658.0,55
SWX,6.801875566249693,649.0,55
PPBI,6.818393120716867,646.0,55
AVB,6.545531626814571,659.0,55
MG,6.815481181312043,647.0,55
XHR,6.651330489807529,655.0,55
NEWP,6.585991213427887,657.0,55
GLOB,6.701815471974831,653.0,55
ODC,6.773562349662296,650.0,55
INGN,6.828607532550766,645.0,55
CSGS,6.73845630935409,652.0,55
DERM,6.696079698946663,654.0,55
PSMT,6.809508296801889,648.0,55
MGRC,6.755894501945309,651.0,55
CHRW,6.60659699173756,656.0,55
KCLI,6.376611552731651,673.0,54
ARC,6.4966220453368475,663.0,54
HTBK,6.541781518790621,661.0,54
AEE,6.4161700463451155,670.0,54
RRC,6.401834000521381,671.0,54
TDY,6.459966586738505,668.0,54
KPTI,6.466302625812547,667.0,54
FN,6.38838624120905,672.0,54
PFSI,6.543474350637139,660.0,54
BKH,6.427989836986299,669.0,54
ETH,6.49194774877168,664.0,54
VFC,6.4835610286060685,665.0,54
BERY,6.476319515677188,666.0,54
POST,6.530515085996543,662.0,54
TTGT,6.2625834999668575,683.0,53
LNT,6.350313053794707,675.0,53
PEBO,6.366806455743629,674.0,53
SXT,6.348799477581614,676.0,53
EQIX,6.228850365220738,688.0,53
EA,6.3480619689743065,677.0,53
GOOG,6.246363849974222,686.0,53
GSBC,6.34373496625456,678.0,53
ORLY,6.3087142869617585,682.0,53
KVHI,6.343044318345685,679.0,53
KRG,6.2614458805517295,684.0,53
LOCO,6.23678796213281,687.0,53
GILD,6.342385104989266,680.0,53
HCSG,6.326134368285533,681.0,53
HOFT,6.25286960325575,685.0,53
WK,6.153941254538973,697.0,52
BCC,6.19409474369581,692.0,52
NJR,6.179464559313496,693.0,52
WDFC,6.214914396293004,690.0,52
CNP,6.13043961781317,700.0,52
NMIH,6.082894095801482,703.0,52
IT,6.172155532830983,694.0,52
BPMC,6.1219241253996515,701.0,52
GOOGL,6.1532482005755025,698.0,52
ADUS,6.1409853048551355,699.0,52
VLGEA,6.16100399764543,696.0,52
VTR,6.161534985332258,695.0,52
ICON,6.2016496275313,691.0,52
TROW,6.217654658139078,689.0,52
DCO,6.111458349602388,702.0,52
CLX,6.075372186721475,704.0,51
EQR,5.903627758283117,716.0,51
PAYX,5.967734432568217,712.0,51
MAS,5.929656968167901,715.0,51
LXU,6.041780536247594,707.0,51
ANSS,6.036702629710155,708.0,51
OMC,5.850928865231749,717.0,51
OFG,6.071015156902307,705.0,51
CTRN,5.95799905618518,714.0,51
TSN,5.962298198087351,713.0,51
UMH,5.982364164986208,711.0,51
UDR,6.0264846735607716,709.0,51
TIPT,6.023720395342114,710.0,51
MCO,6.055784065560369,706.0,51
IRMD,5.726196572805989,724.0,50
RHP,5.720680622336944,725.0,50
PSA,5.737203006617473,723.0,50
EMN,5.712634153206044,726.0,50
RDN,5.805356258792074,720.0,50
PLPC,5.658871719193614,730.0,50
DMRC,5.5893190498389576,732.0,50
EIX,5.755470240858588,722.0,50
NBIX,5.811034538854197,719.0,50
PNW,5.6480340979905534,731.0,50
MRCY,5.71062052829374,727.0,50
WEC,5.659302825360289,729.0,50
NSC,5.778756839479025,721.0,50
WD,5.829922765028467,718.0,50
CNL,5.679172925062947,728.0,50
LZB,5.53795514767806,733.0,49
NKSH,5.373124570532573,738.0,49
CTRE,5.299892352681653,745.0,49
UFPI,5.372798514965772,739.0,49
WEYS,5.341287412578927,742.0,49
FELE,5.490669755654442,734.0,49
MLNK,5.385431839242997,737.0,49
HAE,5.338318805594334,744.0,49
BJRI,5.290200499769609,746.0,49
HON,5.3478160932016205,741.0,49
PVH,5.339478989799114,743.0,49
ABG,5.407622212843248,736.0,49
BTU,5.466176115403209,735.0,49
VNDA,5.368220312400781,740.0,49
HAS,5.110034572396316,761.0,48
RM,5.234685059255949,754.0,48
CF,5.259054968627634,752.0,48
MMI,5.281894049249432,748.0,48
ADC,5.2064068632768885,755.0,48
ACTG,5.1969411726699395,756.0,48
CHDN,5.121780769846969,757.0,48
EDR,5.277701446488559,749.0,48
NEE,5.288276182739389,747.0,48
HY,5.118655842839974,758.0,48
SPGI,5.1177670211172765,759.0,48
GIII,5.27042520246011,751.0,48
NSA,5.1154237441007195,760.0,48
FCX,5.243829714858727,753.0,48
ORA,5.271294978376197,750.0,48
AGM,4.936742025524723,774.0,47
PHX,5.080637577954102,763.0,47
AEIS,5.0134796986237316,768.0,47
LANC,4.997372374556505,770.0,47
IVZ,5.084953000153293,762.0,47
WMK,5.0219382807952195,767.0,47
CBOE,4.966977115632582,773.0,47
MAA,4.921509751598352,775.0,47
INTU,4.89896533843177,776.0,47
SRPT,5.037632966713189,766.0,47
TTI,4.981913092429558,772.0,47
WSBF,5.000047467779496,769.0,47
HRB,5.065759643945231,764.0,47
WPP,4.984624905864895,771.0,47
L,5.0638412048407035,765.0,47
CVX,4.759510977012536,787.0,46
VRSK,4.880939960867995,777.0,46
CHD,4.779604853446109,785.0,46
BUSE,4.680380833289203,790.0,46
ITW,4.7616084081339585,786.0,46
FNLC,4.685284418751113,789.0,46
LBAI,4.811535029150248,783.0,46
LSCC,4.843525245870908,782.0,46
DUK,4.809449685535242,784.0,46
AJG,4.874022934511244,778.0,46
FRPH,4.867404617777564,780.0,46
SO,4.867090061611347,781.0,46
FTV,4.756583138428157,788.0,46
HAYN,4.873735246584869,779.0,46
DGX,4.666564282195058,791.0,45
STX,4.5733185091933715,803.0,45
GDOT,4.608936435813747,798.0,45
BOX,4.604857560958197,799.0,45
MLAB,4.574233468466752,802.0,45
HSIC,4.616947520553783,797.0,45
TDG,4.527472242181975,805.0,45
MBUU,4.631504504397163,795.0,45
EXR,4.6297688868319105,796.0,45
NWN,4.656710078682215,792.0,45
AAPL,4.652892285892143,793.0,45
CB,4.6519022780231065,794.0,45
LTC,4.587775932052207,800.0,45
ECL,4.562769128786308,804.0,45
UNF,4.582327998342157,801.0,45
PFG,4.312426410334834,816.0,44
BLKB,4.278787901150281,820.0,44
TXN,4.363283406259039,813.0,44
BRC,4.3221976222668115,815.0,44
COR,4.279366189497875,819.0,44
CTSH,4.485969236021547,808.0,44
LEN,4.42182250186122,811.0,44
ACN,4.346051428307145,814.0,44
FWRD,4.457556618420451,810.0,44
PLUS,4.304119114463241,817.0,44
NNI,4.391625926371533,812.0,44
KMX,4.468580039543538,809.0,44
CAH,4.298069718419354,818.0,44
TREX,4.493421453765603,807.0,44
WABC,4.494855488152698,806.0,44
AEP,3.9707514437358067,834.0,43
FGL,4.042838849162264,833.0,43
EEFT,4.2021119090429675,826.0,43
PLAB,4.197557354425653,827.0,43
CMS,4.260808349871401,822.0,43
KN,4.1666929357434395,829.0,43
HPQ,4.055881887037998,832.0,43
UHS,4.120638595905644,830.0,43
IOSP,4.115315528840192,831.0,43
WTS,4.18487300330663,828.0,43
EPM,4.246199455688934,823.0,43
XOM,4.275097645517619,821.0,43
SRDX,4.2409723467815175,824.0,43
NOG,4.229451042465179,825.0,43
BFAM,3.7515972525371817,848.0,42
STRA,3.8421401376613553,841.0,42
REG,3.905706163011276,837.0,42
EXPO,3.8114275421948984,845.0,42
FAF,3.9270560414062983,836.0,42
KNX,3.887333715366314,839.0,42
IPAR,3.744266070281517,849.0,42
FRT,3.8875328843823986,838.0,42
BBY,3.852218900119871,840.0,42
ALX,3.7853053146960183,847.0,42
UTL,3.806792541764361,846.0,42
MKTX,3.812502632827891,844.0,42
ADPT,3.8366934061323246,842.0,42
MXL,3.828754283728818,843.0,42
AMD,3.9418231311198833,835.0,42
VRNS,3.6032857504080367,861.0,41
ACCO,3.6707517863918224,857.0,41
JNPR,3.6792562302907865,855.0,41
COO,3.6181851791209456,860.0,41
MNST,3.701714996537182,852.0,41
SBUX,3.67885643276371,856.0,41
DOC,3.7122276217926244,851.0,41
ABT,3.6906082449963895,853.0,41
ALE,3.6894677523127637,854.0,41
CI,3.6598306851438327,859.0,41
HL,3.5863398085428377,864.0,41
MTH,3.588066565598109,862.0,41
CENTA,3.7436012322986287,850.0,41
PG,3.587417415334043,863.0,41
ALB,3.6636678386472603,858.0,41
CUBE,3.3580883359150038,876.0,40
CASS,3.490030585390589,869.0,40
QCOM,3.4733237723136963,870.0,40
CTO,3.3736895020810485,875.0,40
CRUS,3.503583086800174,867.0,40
DTE,3.3822001278195204,873.0,40
SNPS,3.546023699839912,866.0,40
TTEK,3.570811748815612,865.0,40
SSD,3.42142420097748,872.0,40
CSX,3.4935659141227697,868.0,40
DGICA,3.3818717748621188,874.0,40
ESGR,3.423876816266877,871.0,40
GOGL,3.3506378138586195,878.0,40
ALG,3.3513756290852146,877.0,40
AIV,3.2720049417259447,886.0,39
DRH,3.241745966077282,890.0,39
ROK,3.258811507626025,889.0,39
SNX,3.2139780317024083,893.0,39
FDX,3.2676583427923744,887.0,39
RARE,3.3469694705670756,879.0,39
HELE,3.286150688620898,885.0,39
HAWK,3.333333333333334,882.0,39
TEL,3.267032919007485,888.0,39
NATR,3.3386605127374125,881.0,39
NWE,3.240601490627745,891.0,39
NXST,3.3461387770091555,880.0,39
MKC,3.2934349855125586,884.0,39
RMTI,3.2233489526887418,892.0,39
ABBV,3.3227983073515976,883.0,39
MSFT,3.074601184670397,901.0,38
LMT,3.131855548808888,897.0,38
SSYS,2.9301726694453993,908.0,38
NYT,3.018740625773902,903.0,38
TR,3.190247644130944,895.0,38
EOG,3.0067299777065117,904.0,38
VLO,2.939769207236603,907.0,38
MATW,3.0857839125456716,899.0,38
CHUY,3.108783176052837,898.0,38
CHTR,2.986504933916211,906.0,38
MITT,2.993476737943751,905.0,38
PKE,3.2009922644368274,894.0,38
EXTR,3.1501434535977015,896.0,38
WINA,3.04629138358417,902.0,38
AVA,3.0766071640762194,900.0,38
RHI,2.8182131104693195,913.0,37
GBLI,2.7496221270360817,922.0,37
PEB,2.752282764791456,921.0,37
LH,2.9179326425678793,909.0,37
GEF,2.850509372754469,912.0,37
ZUMZ,2.858249035291629,911.0,37
AIG,2.760046963947189,920.0,37
POR,2.7718578894266193,917.0,37
AZO,2.8141291164287647,914.0,37
LNN,2.7634398616434015,918.0,37
RDUS,2.8868260636207284,910.0,37
MMC,2.7613047762444003,919.0,37
GPN,2.801157519701942,915.0,37
DRI,2.7733174029929843,916.0,37
FR,2.7313851363249175,923.0,36
XYL,2.5280106422457442,933.0,36
PRAA,2.6520147784125765,927.0,36
NX,2.496883668508359,937.0,36
COLM,2.6480680130227405,928.0,36
HES,2.6161091420839497,931.0,36
TRS,2.515579837396415,934.0,36
WHR,2.513223130856254,935.0,36
QLYS,2.7210494256869486,924.0,36
VRTX,2.618873134398444,930.0,36
DHI,2.548869324520921,932.0,36
TAP,2.6401835541875007,929.0,36
DXC,2.6613807843607287,926.0,36
HST,2.4975306714321697,936.0,36
ALGN,2.6904966167919673,925.0,36
M,2.367566930707194,949.0,35
VZ,2.4903529129232425,939.0,35
HRL,2.328296653789519,952.0,35
BHF,2.4507815185599973,942.0,35
JIVE,2.3863922571382403,946.0,35
THR,2.3818181665690243,948.0,35
HLX,2.4665662982355463,941.0,35
CMCSA,2.4384364846617084,943.0,35
HF,2.402734957789708,945.0,35
RGLS,2.384246222362245,947.0,35
CCS,2.4684345985083493,940.0,35
EW,2.4045434772087946,944.0,35
HCA,2.3293739184752926,951.0,35
ROST,2.355330494783015,950.0,35
GTY,2.4928215086150174,938.0,35
ALEX,2.177831438807631,965.0,34
F,2.2565225975962004,960.0,34
BCO,2.313780211228571,953.0,34
SHOO,2.2915881733152026,955.0,34
ANIP,2.1819036761483988,964.0,34
TAL,2.2686865583650233,958.0,34
CME,2.287381618688348,956.0,34
CL,2.264720839411152,959.0,34
UNH,2.2036102839401464,963.0,34
MPX,2.278721864611187,957.0,34
COLL,2.1454076610457835,966.0,34
HP,2.248302134652033,962.0,34
NTCT,2.2961308931316573,954.0,34
MRO,2.254222217000432,961.0,34
ADI,2.1270334399576227,968.0,33
EFX,1.9956624059740085,975.0,33
AMAT,2.1061297420663223,970.0,33
ENS,1.8852967136365617,978.0,33
SPOK,2.02937932484675,973.0,33
MSEX,1.9431086523449128,977.0,33
NVEC,2.0314106852579465,972.0,33
MTDR,1.8693555706397622,981.0,33
AWR,2.1047869949571827,971.0,33
GLT,1.8743404976498401,980.0,33
PLAY,1.9502253423146065,976.0,33
SEE,2.133294561543046,967.0,33
NPK,1.8756606041253776,979.0,33
JJSF,2.1179795435477295,969.0,33
POOL,2.0263123318275693,974.0,33
INCR,1.7070820718103423,989.0,32
MGNX,1.7914422805677117,986.0,32
NTAP,1.7695362505472336,987.0,32
SIXD,1.62999991153222,995.0,32
RMBS,1.861310751052558,982.0,32
AMBA,1.6530896170463696,993.0,32
HWAY,1.76773773202309,988.0,32
FIZZ,1.6785193001076217,990.0,32
TBPH,1.798523624822662,985.0,32
HRTX,1.67407820186952,991.0,32
A,1.8452140779987571,983.0,32
CNSL,1.664352034650781,992.0,32
BCRX,1.644606380648435,994.0,32
HR,1.8159036976152905,984.0,32
MDT,1.6018356129212121,998.0,31
HOLX,1.6221654474711877,996.0,31
MTRN,1.5036338208706597,1001.0,31
RKDA,1.4263928097478757,1006.0,31
YUM,1.4874658949195512,1002.0,31
NC,1.407190225813122,1007.0,31
UVV,1.461491556015775,1004.0,31
MCHX,1.3573459851208174,1010.0,31
ISRL,1.447304900416612,1005.0,31
IFF,1.5832854213670198,999.0,31
AIR,1.4779523727959019,1003.0,31
WERN,1.5204351958942197,1000.0,31
SHO,1.3830438739793434,1008.0,31
AMRC,1.6145638012654397,997.0,31
ECPG,1.3810809530961259,1009.0,31
HTH,1.252119404938567,1025.0,30
NR,1.3333098620894988,1013.0,30
ROP,1.2676825641626277,1022.0,30
DHIL,1.3389509668163075,1012.0,30
PDFS,1.3549697550386974,1011.0,30
CZNC,1.3068209569300837,1019.0,30
FE,1.2647493844321729,1023.0,30
PENN,1.3330522228794601,1014.0,30
SJM,1.3068893520134752,1018.0,30
GD,1.3146519815734754,1016.0,30
JBHT,1.3036617619012807,1020.0,30
MCD,1.326609306367545,1015.0,30
TXT,1.307401952134577,1017.0,30
EVTC,1.2880242736099325,1021.0,30
BFS,1.2574644193230824,1024.0,30
HALO,1.0076764175514743,1035.0,29
BEN,1.1579378019389615,1029.0,29
SPSC,1.2139716135244794,1027.0,29
DX,1.0124781756059238,1034.0,29
LLY,1.2070161769392374,1028.0,29
OTTR,0.8067390888225329,1039.0,29
REX,0.88452962256215,1036.0,29
SYY,1.126078520506835,1031.0,29
TNC,0.8159646097239146,1038.0,29
KMB,1.0688692837079607,1032.0,29
ED,1.2184231688267113,1026.0,29
ESNT,0.8828090592504707,1037.0,29
HASI,1.1319635637814907,1030.0,29
MFLX,1.0192244735982925,1033.0,29
UNP,0.59505195528523,1048.0,28
INFO,0.5743528657051764,1049.0,28
MGM,0.4928050024940335,1054.0,28
NOC,0.6833504918472935,1043.0,28
ZTS,0.5468657398313059,1052.0,28
INTL,0.5742918123475736,1050.0,28
MRIN,0.6413035296207348,1045.0,28
CERS,0.5470091687980947,1051.0,28
DVAX,0.658917101686691,1044.0,28
AMBC,0.7362241474245668,1041.0,28
SIGI,0.6042888994657902,1047.0,28
ARCB,0.5453398662377916,1053.0,28
ORC,0.6157837836705611,1046.0,28
IRET,0.7077095358544334,1042.0,28
CLDT,0.7534407520772377,1040.0,28
CHE,0.3049412254266466,1063.0,27
MTD,0.3092162662029273,1062.0,27
CUB,0.13393592541245883,1069.0,27
HCOM,0.20003715315096415,1066.0,27
BWA,0.4844915922489248,1055.0,27
GEOS,0.42209294794842744,1058.0,27
FORM,0.3501348548226315,1060.0,27
PSX,0.19652995527225525,1067.0,27
CPB,0.4631859173569213,1056.0,27
NEM,0.26483735947076603,1064.0,27
LXRX,0.4422349127091517,1057.0,27
WRLD,0.33046825617422426,1061.0,27
MNRO,0.13683261277082304,1068.0,27
EXC,0.38514140542589764,1059.0,27
HOG,0.221280335659781,1065.0,27
LDRH,-0.0006622021477559574,1080.0,26
GSIG,0.05068061999053175,1076.0,26
CA,0.1287928218425488,1071.0,26
ES,0.09713208407512308,1074.0,26
WY,0.12889536618274222,1070.0,26
RESI,0.0,1079.0,26
ULTR,-0.010463571448117433,1082.0,26
ANTH,0.0,1079.0,26
ENTG,0.11915996495412617,1072.0,26
LADR,0.05354328901507355,1075.0,26
O,-0.005522671071588547,1081.0,26
HLIT,0.0480020138961339,1077.0,26
KO,-0.01970545766742582,1083.0,26
WMS,0.11675248438224783,1073.0,26
MSA,-0.2620487753748415,1093.0,25
RLJ,-0.2301669798546715,1091.0,25
HI,-0.31810110045254714,1097.0,25
STE,-0.27289514805618187,1094.0,25
TRNO,-0.30260152103755633,1095.0,25
SLAB,-0.2316714446184499,1092.0,25
MAT,-0.15144746686527855,1087.0,25
PRO,-0.3284868800462961,1098.0,25
ARR,-0.3075965311116047,1096.0,25
DHT,-0.044937310638844874,1084.0,25
XONE,-0.09708635312284522,1086.0,25
CLFD,-0.06527694147403429,1085.0,25
ATRO,-0.1981119717354909,1089.0,25
ANGO,-0.15692885881040208,1088.0,25
CMPR,-0.22716657633823534,1090.0,25
KLAC,-0.5013110168182995,1106.0,24
CMT,-0.4309431865962183,1103.0,24
SMP,-0.5070253160231688,1107.0,24
WST,-0.6253003632262812,1112.0,24
STZ,-0.4688591810796179,1104.0,24
IRDM,-0.35833409562712015,1101.0,24
INN,-0.6020236560252075,1111.0,24
MPC,-0.3418174641394853,1100.0,24
FMC,-0.5007316401896893,1105.0,24
HZO,-0.409369456029431,1102.0,24
CVEO,-0.5338934098826988,1109.0,24
EVC,-0.6488329601298932,1113.0,24
PTSI,-0.5322899633835254,1108.0,24
DHR,-0.5945700000278598,1110.0,24
AWK,-0.335793790809102,1099.0,24
COP,-0.6927035369325596,1115.0,23
LXP,-0.7298252027542045,1117.0,23
LFUS,-0.8503168495955713,1124.0,23
EXPD,-0.6620764104238576,1114.0,23
KW,-0.8221551557393709,1121.0,23
NUE,-0.8076011267195264,1120.0,23
GOGO,-0.847975537141934,1123.0,23
SUI,-0.9195926535946235,1127.0,23
BSET,-0.8931253216492216,1126.0,23
PLD,-0.7322992761355107,1118.0,23
RGEN,-0.8468335169392996,1122.0,23
DEA,-0.6952578863535317,1116.0,23
AVY,-0.757822784719014,1119.0,23
TSQ,-0.8760846238147342,1125.0,23
OIS,-1.0101949774640646,1131.0,22
UPS,-1.195576347928204,1140.0,22
AMGN,-1.0660619779091418,1135.0,22
SFL,-1.2685683806675692,1141.0,22
ASGN,-1.0550267590568607,1134.0,22
ANDE,-1.2783403490377112,1142.0,22
JNJ,-1.0147405691884432,1132.0,22
CVG,-0.9898405746564376,1130.0,22
KWR,-1.0888078316267529,1136.0,22
IVR,-0.9575456367356434,1129.0,22
LRCX,-1.0162395949220615,1133.0,22
EPR,-1.1494997054782243,1138.0,22
AXL,-1.1565396658960183,1139.0,22
CWT,-0.9400685042228476,1128.0,22
TROX,-1.144677205436345,1137.0,22
FRO,-1.3164572398814283,1146.0,21
PCRX,-1.3123007504794693,1145.0,21
ZBH,-1.3967679574574878,1150.0,21
AMSWA,-1.3286796754560188,1147.0,21
AVHI,-1.538604961146378,1154.0,21
CZR,-1.29441277632259,1144.0,21
HTLD,-1.4297562256571732,1151.0,21
GIS,-1.3915334370782466,1149.0,21
CAL,-1.5400240635677003,1155.0,21
KOP,-1.442090257426614,1152.0,21
EGP,-1.5468463366621465,1157.0,21
ARE,-1.5467873228438487,1156.0,21
PCH,-1.4588903054431117,1153.0,21
WNC,-1.2909236399755484,1143.0,21
UHT,-1.3903546890223089,1148.0,21
NHTC,-1.711164189355127,1166.0,20
LGIH,-1.7139071925912823,1167.0,20
SPNS,-1.6393807970651735,1160.0,20
STAG,-1.60203787169025,1158.0,20
GCO,-1.6632828705599962,1162.0,20
FUL,-1.9010683159149713,1171.0,20
OLN,-1.7482645727279809,1169.0,20
TRC,-1.7607583692817377,1170.0,20
FF,-1.6739603083237338,1163.0,20
EHTH,-1.6741422042916634,1164.0,20
PEP,-1.729479811760661,1168.0,20
CBRL,-1.6625356349709635,1161.0,20
AXDX,-1.6105168065389446,1159.0,20
TRIP,-1.7110965499677526,1165.0,20
EBF,-2.210193802274954,1184.0,19
WGO,-2.1245311190988865,1180.0,19
FSP,-1.973510243702119,1173.0,19
TMO,-2.1339873102533042,1181.0,19
WOR,-2.0426828886818256,1178.0,19
GSM,-2.055440231110267,1179.0,19
TEN,-1.9748506855608219,1174.0,19
AMED,-2.208017306562944,1183.0,19
AIN,-2.040686527767493,1176.0,19
AEO,-2.230294936177174,1185.0,19
HAL,-2.1640894051510324,1182.0,19
NEO,-1.947611525490644,1172.0,19
PZZA,-2.0279464307241604,1175.0,19
OLED,-2.040864512689952,1177.0,19
PMT,-2.23849832392233,1186.0,19
ESCA,-2.242563949882992,1187.0,18
BDX,-2.431595689445443,1196.0,18
IMKTA,-2.412570870885939,1195.0,18
ATLO,-2.3427575781458065,1192.0,18
RATE,-2.2472519654451157,1188.0,18
PLOW,-2.5677126610779957,1201.0,18
FOR,-2.2818021690792243,1190.0,18
IPG,-2.3578078433254506,1193.0,18
LCUT,-2.326948799384586,1191.0,18
REI,-2.5300369516911116,1200.0,18
CVS,-2.5286737539153616,1199.0,18
VRNT,-2.443075094160731,1197.0,18
PRGO,-2.451055508036216,1198.0,18
AHH,-2.3721614507964164,1194.0,18
MTN,-2.2675770861040516,1189.0,18
SLB,-2.72255187980091,1205.0,17
DAR,-2.820219513616423,1214.0,17
JOE,-2.7954111503711525,1212.0,17
WU,-2.741020700535704,1209.0,17
YORW,-2.7384130621368725,1208.0,17
ZEUS,-2.638103840029742,1204.0,17
FC,-2.824936381767852,1215.0,17
AMT,-2.589490887715387,1202.0,17
SBAC,-2.7356797937961748,1207.0,17
VRSN,-2.7540325352526906,1210.0,17
EVLV,-2.759147053588947,1211.0,17
COHU,-2.6084018485667397,1203.0,17
NEOG,-2.728396781096677,1206.0,17
SWK,-2.815071227177876,1213.0,17
MHLD,-3.313123455543437,1228.0,16
KE,-2.914644197077657,1220.0,16
MRTN,-2.990111265061632,1221.0,16
CAG,-2.8896705302475327,1218.0,16
ARAY,-3.385659283807099,1230.0,16
MRK,-2.849869576783525,1216.0,16
MPWR,-3.2654874474076836,1226.0,16
KSS,-3.267983044163774,1227.0,16
MPW,-3.0864785701828192,1224.0,16
ADBE,-2.912821442702617,1219.0,16
INO,-3.067649594784311,1223.0,16
W,-3.0451997068314673,1222.0,16
HSY,-3.125477753549672,1225.0,16
BAX,-3.326280089781328,1229.0,16
AOS,-2.8519149449886636,1217.0,16
LKQ,-3.5078153058805985,1236.0,15
KHC,-3.5879328612976997,1240.0,15
PPG,-3.7032660751779063,1244.0,15
USNA,-3.4030815955640223,1232.0,15
PDCO,-3.491769361607729,1235.0,15
POWI,-3.5255679076926523,1237.0,15
FCN,-3.5595225687111753,1239.0,15
CCI,-3.671916846186644,1243.0,15
GPC,-3.5363475114758582,1238.0,15
ALCO,-3.4022516436574786,1231.0,15
ENTA,-3.4344725762860495,1233.0,15
FCFS,-3.479473647080594,1234.0,15
VECO,-3.6034910244665936,1241.0,15
MNR,-3.6218196074382796,1242.0,15
IQV,-4.124534182045062,1257.0,14
GT,-3.7227686077231645,1246.0,14
ICFI,-3.7714730028880945,1247.0,14
DIOD,-3.825084127524775,1250.0,14
THRM,-4.0622803941618955,1256.0,14
MDLZ,-3.7934427565612845,1248.0,14
INTC,-3.716250322771871,1245.0,14
FLWS,-3.9738643797060975,1252.0,14
IDXX,-4.050351381757395,1255.0,14
CPS,-3.9166088780220933,1251.0,14
CMRX,-4.145497829434918,1258.0,14
NOV,-4.0342963825815445,1254.0,14
JBSS,-3.797689497513118,1249.0,14
OXM,-4.176006364774973,1259.0,14
NVEE,-4.03195934930676,1253.0,14
OXY,-4.429133493987443,1273.0,13
NSIT,-4.178675857537427,1260.0,13
THS,-4.280247448015657,1269.0,13
OFLX,-4.26253968506742,1267.0,13
NAVI,-4.263283897951309,1268.0,13
CLDX,-4.189396795603095,1263.0,13
RGR,-4.437976261654701,1274.0,13
CROX,-4.223908032141308,1265.0,13
IIIN,-4.185628156375879,1261.0,13
MPAA,-4.203020941828501,1264.0,13
ACAD,-4.252973561309637,1266.0,13
STNG,-4.1865538677606455,1262.0,13
ULTA,-4.32862392378298,1270.0,13
ACET,-4.374571814215844,1271.0,13
AMC,-4.375309901988045,1272.0,13
DVN,-4.989620956519138,1281.0,12
SJW,-4.9671754541582995,1280.0,12
CNMD,-4.897844415303552,1278.0,12
FIVN,-4.703920292401802,1276.0,12
ARWR,-5.030773417938208,1286.0,12
FOLD,-5.02031869210291,1284.0,12
AMPH,-4.994170916739602,1283.0,12
AKAM,-4.728925397065953,1277.0,12
ANGI,-4.9937232241839755,1282.0,12
DIN,-4.963146125281465,1279.0,12
TGT,-5.062290232104974,1288.0,12
FL,-4.651009621818987,1275.0,12
IART,-5.040979209170402,1287.0,12
LYB,-5.024512574860888,1285.0,12
UTMD,-5.316471355408473,1294.0,11
SPTN,-5.31109506294657,1293.0,11
ARTNA,-5.276781381686197,1292.0,11
REXR,-5.8997732433285,1302.0,11
SWKS,-5.673091786293371,1300.0,11
EXAS,-5.860428965524701,1301.0,11
KFRC,-5.1722590411504,1291.0,11
CWCO,-5.166559799521045,1290.0,11
AMKR,-5.523574582412885,1298.0,11
PFE,-5.514627751092464,1297.0,11
AVD,-6.014852021181981,1303.0,11
TNET,-5.488302520456797,1295.0,11
TITN,-5.514097328645208,1296.0,11
CLW,-5.075969103001065,1289.0,11
ARI,-5.640845342698665,1299.0,11
MMS,-6.593758827431296,1316.0,10
AAP,-6.087091239188366,1304.0,10
MOH,-6.313366760957512,1308.0,10
TWIN,-6.134715227141479,1306.0,10
DV,-6.431304344926737,1310.0,10
SYNA,-6.548597707571723,1312.0,10
LION,-6.493121856610231,1311.0,10
CLF,-6.094621457066899,1305.0,10
CALX,-6.558863063957813,1313.0,10
TNK,-6.3176154940692655,1309.0,10
ASC,-6.645781737461582,1318.0,10
HHS,-6.23847357891038,1307.0,10
RDI,-6.617515208986923,1317.0,10
STAA,-6.585787050410072,1315.0,10
GES,-6.575561166113426,1314.0,10
DK,-7.484149441313899,1326.0,9
CIVI,-7.715794649269869,1329.0,9
UFI,-7.034587679588871,1320.0,9
DENN,-7.758603995894674,1331.0,9
VRA,-7.822809667587222,1332.0,9
ACRE,-7.296320337339462,1323.0,9
NKE,-7.504789406713236,1327.0,9
MCHP,-7.46268814126812,1324.0,9
SUP,-6.677493791779452,1319.0,9
REGN,-7.4826945001734,1325.0,9
ETSY,-7.756719829559994,1330.0,9
JACK,-7.154849274790133,1322.0,9
KIRK,-7.674952315324914,1328.0,9
CNC,-7.115625383738977,1321.0,9
VHC,-8.243399054859001,1336.0,8
DHX,-8.89160386065817,1343.0,8
MOS,-8.254669194776389,1338.0,8
ADM,-8.456546425450187,1340.0,8
AES,-8.812711985321053,1342.0,8
CLNE,-8.904744713403781,1345.0,8
FIVE,-9.291220887256218,1347.0,8
FET,-8.696661193757508,1341.0,8
SEB,-8.903853569856867,1344.0,8
HII,-7.951119625811186,1334.0,8
MOV,-8.253043601063776,1337.0,8
NYMT,-8.91189503341905,1346.0,8
KS,-8.333332712451602,1339.0,8
HVT,-8.12648928749767,1335.0,8
GNE,-7.926922059955444,1333.0,8
FORR,-10.30953419240085,1361.0,7
SGA,-9.894964265009328,1353.0,7
BGS,-10.076006239646533,1357.0,7
VPG,-9.96492478531416,1355.0,7
AJX,-10.129893685016667,1358.0,7
VSH,-10.067743778863322,1356.0,7
NAT,-9.78176420936107,1351.0,7
TDW,-9.490180342340109,1349.0,7
SSTK,-9.884011781760588,1352.0,7
NSP,-10.569925919052528,1362.0,7
XRX,-10.301752767753072,1360.0,7
JOUT,-9.952605859331028,1354.0,7
BA,-10.229187156539592,1359.0,7
TSE,-9.744562844376878,1350.0,7
FARM,-9.383431420204221,1348.0,7
HUM,-11.747151439922941,1370.0,6
TWI,-11.663799034099155,1368.0,6
PACB,-11.45608836840695,1367.0,6
KELYA,-11.90150608757017,1373.0,6
QRVO,-12.071175015380925,1376.0,6
ANIK,-11.70084142607177,1369.0,6
WTI,-12.01057722253324,1374.0,6
ATNI,-11.401311234968956,1366.0,6
APTV,-11.834414783991653,1371.0,6
QDEL,-10.805430999333694,1363.0,6
DXLG,-11.033872829908319,1365.0,6
LEG,-12.023486219688955,1375.0,6
MYGN,-10.939327212940242,1364.0,6
MEI,-11.883615568204155,1372.0,6
APA,-13.260462598359894,1388.0,5
PLUG,-13.939229355386686,1391.0,5
ARRY,-12.869551042512848,1384.0,5
SMRT,-12.133256206800215,1378.0,5
LPG,-13.75058359539278,1390.0,5
MEG,-12.673860311092628,1383.0,5
COTY,-12.202367950619019,1379.0,5
DAN,-13.01829057580667,1386.0,5
SHEN,-12.598182877956608,1380.0,5
OSUR,-13.136580343105951,1387.0,5
BIIB,-12.645774030327349,1381.0,5
OMI,-12.109288263817723,1377.0,5
AHT,-13.49727230636602,1389.0,5
CMTL,-13.003215708306827,1385.0,5
MYE,-12.654478598356864,1382.0,5
TBI,-14.86773620810482,1396.0,4
CRMT,-15.793709872424458,1404.0,4
DG,-15.41146771547494,1400.0,4
ACLS,-15.398807423999664,1399.0,4
ENPH,-15.266906402736971,1398.0,4
PARR,-14.98003406073763,1397.0,4
AFMD,-15.42289679326242,1401.0,4
EL,-14.816840273984852,1395.0,4
HPP,-15.90725466291073,1405.0,4
BLMN,-14.708811727981479,1394.0,4
WBA,-15.608082110886254,1403.0,4
XRAY,-14.452210363388893,1393.0,4
GTN,-14.305809487048279,1392.0,4
LPSN,-15.916388801239446,1406.0,4
HBIO,-15.589716362065976,1402.0,4
APPS,-19.726737326327093,1420.0,3
ADXS,-16.785387031985728,1411.0,3
DLTR,-16.18723601307723,1407.0,3
MGPI,-18.874636022942973,1419.0,3
TXMD,-17.95440284553643,1415.0,3
SPWH,-16.917509984973996,1412.0,3
CAMP,-18.05859965796519,1416.0,3
TTEC,-16.24107809250716,1408.0,3
FOXF,-17.310219283540047,1413.0,3
GPRE,-18.15893935531084,1417.0,3
CCRN,-18.609492499976607,1418.0,3
CATO,-16.45290641351407,1409.0,3
CHRS,-16.475783336100754,1410.0,3
SSP,-17.866440040716473,1414.0,3
IRBT,-23.00404230856742,1430.0,2
SRI,-24.288415444191152,1435.0,2
CVGI,-24.236155971701496,1434.0,2
NCI,-20.171853231001208,1423.0,2
PRTA,-20.63692373616604,1424.0,2
ONVO,-24.22476641088778,1433.0,2
NWBO,-21.85540799856551,1427.0,2
TLYS,-19.743131279772452,1421.0,2
JRVR,-20.080620979117786,1422.0,2
BGFV,-21.957169217116586,1428.0,2
VSAT,-21.009596292375573,1425.0,2
IRWD,-22.51287138632423,1429.0,2
MED,-21.70568995203103,1426.0,2
CCG,-23.625093181469776,1432.0,2
CARA,-23.154029157204132,1431.0,2
TCS,-33.72524673744095,1445.0,1
ASPS,-36.27896907416262,1447.0,1
NSTG,-32.38447037073226,1443.0,1
NDLS,-32.62783602111889,1444.0,1
TTOO,-31.470134556269258,1442.0,1
EGRX,-34.5538548571888,1446.0,1
TRVN,-41.22278789438883,1449.0,1
CUTR,-30.21588657110593,1440.0,1
CHGG,-24.3836522462136,1436.0,1
CRIS,-25.246507985502525,1437.0,1
FCEL,-30.785817068823903,1441.0,1
AGEN,-26.45095494585994,1439.0,1
CMLS,-40.6949293419045,1448.0,1
NVRO,-26.09476739583794,1438.0,1
SRNE,-52.821502073005966,1450.0,0
